{
  "version": "2.0.0-beta.0",
  "visualisation": {
    "nodes": [
      {
        "id": "n:1",
        "position": {
          "x": -3.4798438365150304,
          "y": 260.1499275114504
        }
      },
      {
        "id": "n:2",
        "position": {
          "x": -62.30097160166119,
          "y": 62.65720511949779
        }
      },
      {
        "id": "n:3",
        "position": {
          "x": 199.89399853356986,
          "y": 266.07361697256704
        }
      },
      {
        "id": "n:4",
        "position": {
          "x": 173.40785153066307,
          "y": 72.59643481310849
        }
      },
      {
        "id": "n:5",
        "position": {
          "x": -25.959994526651617,
          "y": 469.5534090573352
        }
      },
      {
        "id": "n:6",
        "position": {
          "x": 324.04479280152964,
          "y": 207.9014136758307
        }
      },
      {
        "id": "n:7",
        "position": {
          "x": -132.7879455211534,
          "y": 327.6189102151506
        }
      },
      {
        "id": "n:8",
        "position": {
          "x": 209.0261051615119,
          "y": 451.65705349716626
        }
      }
    ]
  },
  "dataModel": {
    "version": "2.0.0-beta.0",
    "graphSchemaRepresentation": {
      "version": "1.0.0",
      "graphSchema": {
        "nodeLabels": [
          {
            "$id": "nl:1",
            "token": "Patients",
            "properties": [
              {
                "$id": "p:1",
                "token": "ID",
                "type": {
                  "type": "integer"
                },
                "nullable": true
              },
              {
                "$id": "p:2",
                "token": "Name",
                "type": {
                  "type": "string"
                },
                "nullable": true
              },
              {
                "$id": "p:3",
                "token": "Age",
                "type": {
                  "type": "integer"
                },
                "nullable": true
              },
              {
                "$id": "p:4",
                "token": "Gender",
                "type": {
                  "type": "string"
                },
                "nullable": true
              },
              {
                "$id": "p:5",
                "token": "ContactInfo",
                "type": {
                  "type": "integer"
                },
                "nullable": true
              },
              {
                "$id": "p:6",
                "token": "Location",
                "type": {
                  "type": "string"
                },
                "nullable": true
              }
            ]
          },
          {
            "$id": "nl:2",
            "token": "Diseases",
            "properties": [
              {
                "$id": "p:7",
                "token": "ID",
                "type": {
                  "type": "integer"
                },
                "nullable": true
              },
              {
                "$id": "p:8",
                "token": "Name",
                "type": {
                  "type": "string"
                },
                "nullable": true
              },
              {
                "$id": "p:9",
                "token": "Description",
                "type": {
                  "type": "string"
                },
                "nullable": true
              }
            ]
          },
          {
            "$id": "nl:3",
            "token": "Doctors",
            "properties": [
              {
                "$id": "p:25",
                "token": "ID",
                "type": {
                  "type": "integer"
                },
                "nullable": true
              },
              {
                "$id": "p:26",
                "token": "Name",
                "type": {
                  "type": "string"
                },
                "nullable": true
              },
              {
                "$id": "p:27",
                "token": "Specialty",
                "type": {
                  "type": "string"
                },
                "nullable": true
              },
              {
                "$id": "p:28",
                "token": "ContactInfo",
                "type": {
                  "type": "integer"
                },
                "nullable": true
              },
              {
                "$id": "p:29",
                "token": "Location",
                "type": {
                  "type": "string"
                },
                "nullable": true
              },
              {
                "$id": "p:30",
                "token": "Hospital",
                "type": {
                  "type": "string"
                },
                "nullable": true
              }
            ]
          },
          {
            "$id": "nl:4",
            "token": "Records",
            "properties": [
              {
                "$id": "p:10",
                "token": "ID",
                "type": {
                  "type": "integer"
                },
                "nullable": true
              },
              {
                "$id": "p:11",
                "token": "Name",
                "type": {
                  "type": "string"
                },
                "nullable": true
              },
              {
                "$id": "p:12",
                "token": "Dosage",
                "type": {
                  "type": "string"
                },
                "nullable": true
              },
              {
                "$id": "p:13",
                "token": "Frequency",
                "type": {
                  "type": "string"
                },
                "nullable": true
              },
              {
                "$id": "p:14",
                "token": "Notes",
                "type": {
                  "type": "string"
                },
                "nullable": true
              }
            ]
          },
          {
            "$id": "nl:5",
            "token": "Symptoms",
            "properties": [
              {
                "$id": "p:15",
                "token": "ID",
                "type": {
                  "type": "integer"
                },
                "nullable": true
              },
              {
                "$id": "p:16",
                "token": "Name",
                "type": {
                  "type": "string"
                },
                "nullable": true
              },
              {
                "$id": "p:17",
                "token": "Description",
                "type": {
                  "type": "string"
                },
                "nullable": true
              }
            ]
          },
          {
            "$id": "nl:6",
            "token": "Medications",
            "properties": [
              {
                "$id": "p:18",
                "token": "ID",
                "type": {
                  "type": "integer"
                },
                "nullable": true
              },
              {
                "$id": "p:19",
                "token": "Name",
                "type": {
                  "type": "string"
                },
                "nullable": true
              },
              {
                "$id": "p:20",
                "token": "Dosage",
                "type": {
                  "type": "string"
                },
                "nullable": true
              },
              {
                "$id": "p:21",
                "token": "Frequency",
                "type": {
                  "type": "string"
                },
                "nullable": true
              }
            ]
          },
          {
            "$id": "nl:7",
            "token": "Diet",
            "properties": [
              {
                "$id": "p:22",
                "token": "ID",
                "type": {
                  "type": "integer"
                },
                "nullable": true
              },
              {
                "$id": "p:23",
                "token": "Name",
                "type": {
                  "type": "string"
                },
                "nullable": true
              },
              {
                "$id": "p:24",
                "token": "Description",
                "type": {
                  "type": "string"
                },
                "nullable": true
              }
            ]
          },
          {
            "$id": "nl:8",
            "token": "Reports",
            "properties": [
              {
                "$id": "p:37",
                "token": "ReportID",
                "type": {
                  "type": "integer"
                },
                "nullable": true
              },
              {
                "$id": "p:38",
                "token": "ReportName",
                "type": {
                  "type": "string"
                },
                "nullable": true
              },
              {
                "$id": "p:39",
                "token": "Description",
                "type": {
                  "type": "string"
                },
                "nullable": true
              }
            ]
          }
        ],
        "relationshipTypes": [
          {
            "$id": "rt:1",
            "token": "Has_disease",
            "properties": []
          },
          {
            "$id": "rt:2",
            "token": "Treats",
            "properties": [
              {
                "$id": "p:31",
                "token": "DoctorID",
                "type": {
                  "type": "integer"
                },
                "nullable": true
              },
              {
                "$id": "p:32",
                "token": "DiseaseID",
                "type": {
                  "type": "integer"
                },
                "nullable": true
              }
            ]
          },
          {
            "$id": "rt:3",
            "token": "Has_Records",
            "properties": []
          },
          {
            "$id": "rt:4",
            "token": "Has_Symptoms",
            "properties": []
          },
          {
            "$id": "rt:5",
            "token": "Has_Medication",
            "properties": []
          },
          {
            "$id": "rt:6",
            "token": "Has_Diet",
            "properties": []
          },
          {
            "$id": "rt:7",
            "token": "SpecializedIn",
            "properties": [
              {
                "$id": "p:33",
                "token": "DoctorID",
                "type": {
                  "type": "integer"
                },
                "nullable": true
              },
              {
                "$id": "p:34",
                "token": "DoctorName",
                "type": {
                  "type": "string"
                },
                "nullable": true
              },
              {
                "$id": "p:35",
                "token": "DiseaseID",
                "type": {
                  "type": "integer"
                },
                "nullable": true
              },
              {
                "$id": "p:36",
                "token": "DiseaseName",
                "type": {
                  "type": "string"
                },
                "nullable": true
              }
            ]
          },
          {
            "$id": "rt:8",
            "token": "Prescribes",
            "properties": []
          },
          {
            "$id": "rt:9",
            "token": "Has_Symptoms",
            "properties": []
          },
          {
            "$id": "rt:10",
            "token": "RecommendsDiet",
            "properties": []
          },
          {
            "$id": "rt:11",
            "token": "Visits",
            "properties": []
          },
          {
            "$id": "rt:12",
            "token": "Follows",
            "properties": []
          },
          {
            "$id": "rt:13",
            "token": "Sees",
            "properties": []
          },
          {
            "$id": "rt:14",
            "token": "Needs",
            "properties": []
          },
          {
            "$id": "rt:15",
            "token": "Indicates",
            "properties": []
          },
          {
            "$id": "rt:16",
            "token": "Requires",
            "properties": []
          },
          {
            "$id": "rt:17",
            "token": "Related",
            "properties": []
          }
        ],
        "nodeObjectTypes": [
          {
            "$id": "n:1",
            "labels": [
              {
                "$ref": "#nl:1"
              }
            ]
          },
          {
            "$id": "n:2",
            "labels": [
              {
                "$ref": "#nl:2"
              }
            ]
          },
          {
            "$id": "n:3",
            "labels": [
              {
                "$ref": "#nl:3"
              }
            ]
          },
          {
            "$id": "n:4",
            "labels": [
              {
                "$ref": "#nl:4"
              }
            ]
          },
          {
            "$id": "n:5",
            "labels": [
              {
                "$ref": "#nl:5"
              }
            ]
          },
          {
            "$id": "n:6",
            "labels": [
              {
                "$ref": "#nl:6"
              }
            ]
          },
          {
            "$id": "n:7",
            "labels": [
              {
                "$ref": "#nl:7"
              }
            ]
          },
          {
            "$id": "n:8",
            "labels": [
              {
                "$ref": "#nl:8"
              }
            ]
          }
        ],
        "relationshipObjectTypes": [
          {
            "$id": "r:1",
            "type": {
              "$ref": "#rt:1"
            },
            "from": {
              "$ref": "#n:1"
            },
            "to": {
              "$ref": "#n:2"
            }
          },
          {
            "$id": "r:2",
            "type": {
              "$ref": "#rt:2"
            },
            "from": {
              "$ref": "#n:3"
            },
            "to": {
              "$ref": "#n:2"
            }
          },
          {
            "$id": "r:3",
            "type": {
              "$ref": "#rt:3"
            },
            "from": {
              "$ref": "#n:1"
            },
            "to": {
              "$ref": "#n:4"
            }
          },
          {
            "$id": "r:4",
            "type": {
              "$ref": "#rt:4"
            },
            "from": {
              "$ref": "#n:5"
            },
            "to": {
              "$ref": "#n:2"
            }
          },
          {
            "$id": "r:5",
            "type": {
              "$ref": "#rt:5"
            },
            "from": {
              "$ref": "#n:4"
            },
            "to": {
              "$ref": "#n:6"
            }
          },
          {
            "$id": "r:6",
            "type": {
              "$ref": "#rt:6"
            },
            "from": {
              "$ref": "#n:2"
            },
            "to": {
              "$ref": "#n:7"
            }
          },
          {
            "$id": "r:7",
            "type": {
              "$ref": "#rt:7"
            },
            "from": {
              "$ref": "#n:2"
            },
            "to": {
              "$ref": "#n:3"
            }
          },
          {
            "$id": "r:8",
            "type": {
              "$ref": "#rt:8"
            },
            "from": {
              "$ref": "#n:3"
            },
            "to": {
              "$ref": "#n:6"
            }
          },
          {
            "$id": "r:9",
            "type": {
              "$ref": "#rt:9"
            },
            "from": {
              "$ref": "#n:1"
            },
            "to": {
              "$ref": "#n:5"
            }
          },
          {
            "$id": "r:10",
            "type": {
              "$ref": "#rt:10"
            },
            "from": {
              "$ref": "#n:3"
            },
            "to": {
              "$ref": "#n:7"
            }
          },
          {
            "$id": "r:11",
            "type": {
              "$ref": "#rt:11"
            },
            "from": {
              "$ref": "#n:1"
            },
            "to": {
              "$ref": "#n:3"
            }
          },
          {
            "$id": "r:12",
            "type": {
              "$ref": "#rt:12"
            },
            "from": {
              "$ref": "#n:1"
            },
            "to": {
              "$ref": "#n:7"
            }
          },
          {
            "$id": "r:13",
            "type": {
              "$ref": "#rt:13"
            },
            "from": {
              "$ref": "#n:3"
            },
            "to": {
              "$ref": "#n:8"
            }
          },
          {
            "$id": "r:14",
            "type": {
              "$ref": "#rt:14"
            },
            "from": {
              "$ref": "#n:1"
            },
            "to": {
              "$ref": "#n:8"
            }
          },
          {
            "$id": "r:15",
            "type": {
              "$ref": "#rt:15"
            },
            "from": {
              "$ref": "#n:8"
            },
            "to": {
              "$ref": "#n:2"
            }
          },
          {
            "$id": "r:16",
            "type": {
              "$ref": "#rt:16"
            },
            "from": {
              "$ref": "#n:2"
            },
            "to": {
              "$ref": "#n:8"
            }
          },
          {
            "$id": "r:17",
            "type": {
              "$ref": "#rt:17"
            },
            "from": {
              "$ref": "#n:2"
            },
            "to": {
              "$ref": "#n:6"
            }
          }
        ],
        "constraints": [
          {
            "$id": "c:1",
            "name": "ID_Patients_uniq",
            "constraintType": "uniqueness",
            "entityType": "node",
            "nodeLabel": {
              "$ref": "#nl:1"
            },
            "properties": [
              {
                "$ref": "#p:1"
              }
            ]
          },
          {
            "$id": "c:2",
            "name": "ID_Diseases_uniq",
            "constraintType": "uniqueness",
            "entityType": "node",
            "nodeLabel": {
              "$ref": "#nl:2"
            },
            "properties": [
              {
                "$ref": "#p:7"
              }
            ]
          },
          {
            "$id": "c:3",
            "name": "ID_Records_uniq",
            "constraintType": "uniqueness",
            "entityType": "node",
            "nodeLabel": {
              "$ref": "#nl:4"
            },
            "properties": [
              {
                "$ref": "#p:10"
              }
            ]
          },
          {
            "$id": "c:4",
            "name": "ID_Symptoms_uniq",
            "constraintType": "uniqueness",
            "entityType": "node",
            "nodeLabel": {
              "$ref": "#nl:5"
            },
            "properties": [
              {
                "$ref": "#p:15"
              }
            ]
          },
          {
            "$id": "c:5",
            "name": "ID_Medications_uniq",
            "constraintType": "uniqueness",
            "entityType": "node",
            "nodeLabel": {
              "$ref": "#nl:6"
            },
            "properties": [
              {
                "$ref": "#p:18"
              }
            ]
          },
          {
            "$id": "c:6",
            "name": "ID_Diet_uniq",
            "constraintType": "uniqueness",
            "entityType": "node",
            "nodeLabel": {
              "$ref": "#nl:7"
            },
            "properties": [
              {
                "$ref": "#p:22"
              }
            ]
          },
          {
            "$id": "c:7",
            "name": "ID_Doctors_uniq",
            "constraintType": "uniqueness",
            "entityType": "node",
            "nodeLabel": {
              "$ref": "#nl:3"
            },
            "properties": [
              {
                "$ref": "#p:25"
              }
            ]
          },
          {
            "$id": "c:8",
            "name": "ReportID_Reports_uniq",
            "constraintType": "uniqueness",
            "entityType": "node",
            "nodeLabel": {
              "$ref": "#nl:8"
            },
            "properties": [
              {
                "$ref": "#p:37"
              }
            ]
          }
        ],
        "indexes": [
          {
            "$id": "i:1",
            "name": "ID_Patients_uniq",
            "indexType": "default",
            "entityType": "node",
            "nodeLabel": {
              "$ref": "#nl:1"
            },
            "properties": [
              {
                "$ref": "#p:1"
              }
            ]
          },
          {
            "$id": "i:2",
            "name": "ID_Diseases_uniq",
            "indexType": "default",
            "entityType": "node",
            "nodeLabel": {
              "$ref": "#nl:2"
            },
            "properties": [
              {
                "$ref": "#p:7"
              }
            ]
          },
          {
            "$id": "i:3",
            "name": "ID_Records_uniq",
            "indexType": "default",
            "entityType": "node",
            "nodeLabel": {
              "$ref": "#nl:4"
            },
            "properties": [
              {
                "$ref": "#p:10"
              }
            ]
          },
          {
            "$id": "i:4",
            "name": "ID_Symptoms_uniq",
            "indexType": "default",
            "entityType": "node",
            "nodeLabel": {
              "$ref": "#nl:5"
            },
            "properties": [
              {
                "$ref": "#p:15"
              }
            ]
          },
          {
            "$id": "i:5",
            "name": "ID_Medications_uniq",
            "indexType": "default",
            "entityType": "node",
            "nodeLabel": {
              "$ref": "#nl:6"
            },
            "properties": [
              {
                "$ref": "#p:18"
              }
            ]
          },
          {
            "$id": "i:6",
            "name": "ID_Diet_uniq",
            "indexType": "default",
            "entityType": "node",
            "nodeLabel": {
              "$ref": "#nl:7"
            },
            "properties": [
              {
                "$ref": "#p:22"
              }
            ]
          },
          {
            "$id": "i:7",
            "name": "ID_Doctors_uniq",
            "indexType": "default",
            "entityType": "node",
            "nodeLabel": {
              "$ref": "#nl:3"
            },
            "properties": [
              {
                "$ref": "#p:25"
              }
            ]
          },
          {
            "$id": "i:8",
            "name": "ReportID_Reports_uniq",
            "indexType": "default",
            "entityType": "node",
            "nodeLabel": {
              "$ref": "#nl:8"
            },
            "properties": [
              {
                "$ref": "#p:37"
              }
            ]
          }
        ]
      }
    },
    "graphSchemaExtensionsRepresentation": {
      "nodeKeyProperties": [
        {
          "node": {
            "$ref": "#n:1"
          },
          "keyProperty": {
            "$ref": "#p:1"
          }
        },
        {
          "node": {
            "$ref": "#n:2"
          },
          "keyProperty": {
            "$ref": "#p:7"
          }
        },
        {
          "node": {
            "$ref": "#n:4"
          },
          "keyProperty": {
            "$ref": "#p:10"
          }
        },
        {
          "node": {
            "$ref": "#n:5"
          },
          "keyProperty": {
            "$ref": "#p:15"
          }
        },
        {
          "node": {
            "$ref": "#n:6"
          },
          "keyProperty": {
            "$ref": "#p:18"
          }
        },
        {
          "node": {
            "$ref": "#n:7"
          },
          "keyProperty": {
            "$ref": "#p:22"
          }
        },
        {
          "node": {
            "$ref": "#n:3"
          },
          "keyProperty": {
            "$ref": "#p:25"
          }
        },
        {
          "node": {
            "$ref": "#n:8"
          },
          "keyProperty": {
            "$ref": "#p:37"
          }
        }
      ]
    },
    "graphMappingRepresentation": {
      "dataSourceSchema": {
        "type": "local/csv",
        "tableSchemas": [
          {
            "$id": "t:1",
            "name": "diets.csv",
            "expanded": true,
            "fields": [
              {
                "name": "ID",
                "type": "integer",
                "sample": "1",
                "include": true
              },
              {
                "name": "Name",
                "type": "string",
                "sample": "Low-Carb Diet",
                "include": true
              },
              {
                "name": "Description",
                "type": "string",
                "sample": "Reduced carbohydrate intake.",
                "include": true
              }
            ]
          },
          {
            "$id": "t:2",
            "name": "disease_diet.csv",
            "expanded": true,
            "fields": [
              {
                "name": "DiseaseID",
                "type": "integer",
                "sample": "1",
                "include": true
              },
              {
                "name": "DietID",
                "type": "integer",
                "sample": "1",
                "include": true
              }
            ]
          },
          {
            "$id": "t:3",
            "name": "disease_symptom.csv",
            "expanded": true,
            "fields": [
              {
                "name": "DiseaseID",
                "type": "integer",
                "sample": "1",
                "include": true
              },
              {
                "name": "SymptomID",
                "type": "integer",
                "sample": "1",
                "include": true
              }
            ]
          },
          {
            "$id": "t:4",
            "name": "Diseases.csv",
            "expanded": true,
            "fields": [
              {
                "name": "ID",
                "type": "integer",
                "sample": "1",
                "include": true
              },
              {
                "name": "Name",
                "type": "string",
                "sample": "Coronary Artery Disease",
                "include": true
              },
              {
                "name": "Description",
                "type": "string",
                "sample": "A condition characterized by narrowing of the coronary arteries.",
                "include": true
              }
            ]
          },
          {
            "$id": "t:5",
            "name": "DiseasesPatient.csv",
            "expanded": true,
            "fields": [
              {
                "name": "PatientID",
                "type": "integer",
                "sample": "1",
                "include": true
              },
              {
                "name": "DiseaseID",
                "type": "integer",
                "sample": "1",
                "include": true
              }
            ]
          },
          {
            "$id": "t:6",
            "name": "doctor_disease.csv",
            "expanded": true,
            "fields": [
              {
                "name": "DoctorID",
                "type": "integer",
                "sample": "1",
                "include": true
              },
              {
                "name": "DiseaseID",
                "type": "integer",
                "sample": "1",
                "include": true
              }
            ]
          },
          {
            "$id": "t:7",
            "name": "Doctors.csv",
            "expanded": true,
            "fields": [
              {
                "name": "ID",
                "type": "integer",
                "sample": "1",
                "include": true
              },
              {
                "name": "Name",
                "type": "string",
                "sample": "Dr. Ramesh Patel",
                "include": true
              },
              {
                "name": "Specialty",
                "type": "string",
                "sample": "Endocrinologist",
                "include": true
              },
              {
                "name": "ContactInfo",
                "type": "integer",
                "sample": "9001234567",
                "include": true
              },
              {
                "name": "Location",
                "type": "string",
                "sample": "Hyderabad",
                "include": true
              },
              {
                "name": "Hospital",
                "type": "string",
                "sample": "Apollo Hospitals",
                "include": true
              }
            ]
          },
          {
            "$id": "t:8",
            "name": "medications.csv",
            "expanded": true,
            "fields": [
              {
                "name": "ID",
                "type": "integer",
                "sample": "1",
                "include": true
              },
              {
                "name": "Name",
                "type": "string",
                "sample": "Metformin",
                "include": true
              },
              {
                "name": "Dosage",
                "type": "string",
                "sample": "500mg",
                "include": true
              },
              {
                "name": "Frequency",
                "type": "string",
                "sample": "Twice a day",
                "include": true
              }
            ]
          },
          {
            "$id": "t:9",
            "name": "patient_diet.csv",
            "expanded": true,
            "fields": [
              {
                "name": "PatientID",
                "type": "integer",
                "sample": "1",
                "include": true
              },
              {
                "name": "DietID",
                "type": "integer",
                "sample": "1",
                "include": true
              }
            ]
          },
          {
            "$id": "t:10",
            "name": "patient_doctor.csv",
            "expanded": true,
            "fields": [
              {
                "name": "PatientID",
                "type": "integer",
                "sample": "1",
                "include": true
              },
              {
                "name": "DoctorID",
                "type": "integer",
                "sample": "1",
                "include": true
              }
            ]
          },
          {
            "$id": "t:11",
            "name": "patient_record.csv",
            "expanded": true,
            "fields": [
              {
                "name": "PatientID",
                "type": "integer",
                "sample": "1",
                "include": true
              },
              {
                "name": "RecordID",
                "type": "integer",
                "sample": "1",
                "include": true
              }
            ]
          },
          {
            "$id": "t:12",
            "name": "patients.csv",
            "expanded": true,
            "fields": [
              {
                "name": "ID",
                "type": "integer",
                "sample": "1",
                "include": true
              },
              {
                "name": "Name",
                "type": "string",
                "sample": "Ravi Kumar",
                "include": true
              },
              {
                "name": "Age",
                "type": "integer",
                "sample": "45",
                "include": true
              },
              {
                "name": "Gender",
                "type": "string",
                "sample": "Male",
                "include": true
              },
              {
                "name": "ContactInfo",
                "type": "integer",
                "sample": "8001234567",
                "include": true
              },
              {
                "name": "Location",
                "type": "string",
                "sample": "Hyderabad",
                "include": true
              }
            ]
          },
          {
            "$id": "t:13",
            "name": "record_medication.csv",
            "expanded": true,
            "fields": [
              {
                "name": "RecordID",
                "type": "integer",
                "sample": "1",
                "include": true
              },
              {
                "name": "MedicationID",
                "type": "integer",
                "sample": "1",
                "include": true
              }
            ]
          },
          {
            "$id": "t:14",
            "name": "Records.csv",
            "expanded": true,
            "fields": [
              {
                "name": "ID",
                "type": "integer",
                "sample": "1",
                "include": true
              },
              {
                "name": "Name",
                "type": "string",
                "sample": "Metformin",
                "include": true
              },
              {
                "name": "Dosage",
                "type": "string",
                "sample": "500mg",
                "include": true
              },
              {
                "name": "Frequency",
                "type": "string",
                "sample": "Twice a day",
                "include": true
              },
              {
                "name": "Notes",
                "type": "string",
                "sample": "Diagnosed with Coronary Artery Disease",
                "include": true
              }
            ]
          },
          {
            "$id": "t:15",
            "name": "Symptoms.csv",
            "expanded": true,
            "fields": [
              {
                "name": "ID",
                "type": "integer",
                "sample": "1",
                "include": true
              },
              {
                "name": "Name",
                "type": "string",
                "sample": "Chest Pain",
                "include": true
              },
              {
                "name": "Description",
                "type": "string",
                "sample": "Discomfort or pain that you feel anywhere along the front of your body between your neck and upper a...",
                "include": true
              }
            ]
          },
          {
            "$id": "t:16",
            "name": "doctor_specializes_in.csv",
            "expanded": true,
            "fields": [
              {
                "name": "DoctorID",
                "type": "integer",
                "sample": "1",
                "include": true
              },
              {
                "name": "DoctorName",
                "type": "string",
                "sample": "Dr. Ramesh Patel",
                "include": true
              },
              {
                "name": "DiseaseID",
                "type": "integer",
                "sample": "1",
                "include": true
              },
              {
                "name": "DiseaseName",
                "type": "string",
                "sample": "Coronary Artery Disease",
                "include": true
              }
            ]
          },
          {
            "$id": "t:17",
            "name": "DoctorsMedication.csv",
            "expanded": true,
            "fields": [
              {
                "name": "DoctorID",
                "type": "integer",
                "sample": "1",
                "include": true
              },
              {
                "name": "DoctorName",
                "type": "string",
                "sample": "Dr. Ramesh Patel",
                "include": true
              },
              {
                "name": "MedicationID",
                "type": "integer",
                "sample": "1",
                "include": true
              },
              {
                "name": "MedicationName",
                "type": "string",
                "sample": "Aspirin",
                "include": true
              }
            ]
          },
          {
            "$id": "t:18",
            "name": "patient_has_symptom.csv",
            "expanded": true,
            "fields": [
              {
                "name": "PatientID",
                "type": "integer",
                "sample": "1",
                "include": true
              },
              {
                "name": "PatientName",
                "type": "string",
                "sample": "Ravi Kumar",
                "include": true
              },
              {
                "name": "SymptomID",
                "type": "integer",
                "sample": "1",
                "include": true
              },
              {
                "name": "SymptomName",
                "type": "string",
                "sample": "Chest Pain",
                "include": true
              }
            ]
          },
          {
            "$id": "t:19",
            "name": "doctor_recommends_diet.csv",
            "expanded": true,
            "fields": [
              {
                "name": "DoctorID",
                "type": "integer",
                "sample": "1",
                "include": true
              },
              {
                "name": "DoctorName",
                "type": "string",
                "sample": "Dr. Ramesh Patel",
                "include": true
              },
              {
                "name": "DietID",
                "type": "integer",
                "sample": "1",
                "include": true
              },
              {
                "name": "DietName",
                "type": "string",
                "sample": "Low Sodium",
                "include": true
              }
            ]
          },
          {
            "$id": "t:20",
            "name": "patient_visits_doctor_random_20.csv",
            "expanded": true,
            "fields": [
              {
                "name": "PatientID",
                "type": "integer",
                "sample": "15",
                "include": true
              },
              {
                "name": "PatientName",
                "type": "string",
                "sample": "Amit Agarwal",
                "include": true
              },
              {
                "name": "DoctorID",
                "type": "integer",
                "sample": "7",
                "include": true
              },
              {
                "name": "DoctorName",
                "type": "string",
                "sample": "Dr. Kavita Sharma",
                "include": true
              },
              {
                "name": "VisitDate",
                "type": "datetime",
                "sample": "2024-01-31",
                "include": true
              }
            ]
          },
          {
            "$id": "t:21",
            "name": "DiseaseToReport.csv",
            "expanded": true,
            "fields": [
              {
                "name": "DiseaseID",
                "type": "integer",
                "sample": "1",
                "include": true
              },
              {
                "name": "ReportID",
                "type": "integer",
                "sample": "1",
                "include": true
              }
            ]
          },
          {
            "$id": "t:22",
            "name": "DoctorSeesReports.csv",
            "expanded": true,
            "fields": [
              {
                "name": "DoctorID",
                "type": "integer",
                "sample": "1",
                "include": true
              },
              {
                "name": "ReportID",
                "type": "integer",
                "sample": "1",
                "include": true
              }
            ]
          },
          {
            "$id": "t:23",
            "name": "Reports.csv",
            "expanded": true,
            "fields": [
              {
                "name": "ReportID",
                "type": "integer",
                "sample": "1",
                "include": true
              },
              {
                "name": "ReportName",
                "type": "string",
                "sample": "Blood Test",
                "include": true
              },
              {
                "name": "Description",
                "type": "string",
                "sample": "Complete blood count (CBC)",
                "include": true
              }
            ]
          },
          {
            "$id": "t:24",
            "name": "PatientNeedsReport.csv",
            "expanded": true,
            "fields": [
              {
                "name": "PatientID",
                "type": "integer",
                "sample": "1",
                "include": true
              },
              {
                "name": "ReportID",
                "type": "integer",
                "sample": "1",
                "include": true
              }
            ]
          },
          {
            "$id": "t:25",
            "name": "DiseaseToMedication.csv",
            "expanded": true,
            "fields": [
              {
                "name": "DiseaseID",
                "type": "integer",
                "sample": "1",
                "include": true
              },
              {
                "name": "MedicationID",
                "type": "integer",
                "sample": "1",
                "include": true
              }
            ]
          }
        ]
      },
      "nodeMappings": [
        {
          "node": {
            "$ref": "#n:1"
          },
          "tableSchema": {
            "$ref": "#t:12"
          },
          "propertyMappings": [
            {
              "fieldName": "ID",
              "property": {
                "$ref": "#p:1"
              }
            },
            {
              "fieldName": "Name",
              "property": {
                "$ref": "#p:2"
              }
            },
            {
              "fieldName": "Age",
              "property": {
                "$ref": "#p:3"
              }
            },
            {
              "fieldName": "Gender",
              "property": {
                "$ref": "#p:4"
              }
            },
            {
              "fieldName": "ContactInfo",
              "property": {
                "$ref": "#p:5"
              }
            },
            {
              "fieldName": "Location",
              "property": {
                "$ref": "#p:6"
              }
            }
          ]
        },
        {
          "node": {
            "$ref": "#n:2"
          },
          "tableSchema": {
            "$ref": "#t:4"
          },
          "propertyMappings": [
            {
              "fieldName": "ID",
              "property": {
                "$ref": "#p:7"
              }
            },
            {
              "fieldName": "Name",
              "property": {
                "$ref": "#p:8"
              }
            },
            {
              "fieldName": "Description",
              "property": {
                "$ref": "#p:9"
              }
            }
          ]
        },
        {
          "node": {
            "$ref": "#n:3"
          },
          "tableSchema": {
            "$ref": "#t:7"
          },
          "propertyMappings": [
            {
              "fieldName": "ID",
              "property": {
                "$ref": "#p:25"
              }
            },
            {
              "fieldName": "Name",
              "property": {
                "$ref": "#p:26"
              }
            },
            {
              "fieldName": "Specialty",
              "property": {
                "$ref": "#p:27"
              }
            },
            {
              "fieldName": "ContactInfo",
              "property": {
                "$ref": "#p:28"
              }
            },
            {
              "fieldName": "Location",
              "property": {
                "$ref": "#p:29"
              }
            },
            {
              "fieldName": "Hospital",
              "property": {
                "$ref": "#p:30"
              }
            }
          ]
        },
        {
          "node": {
            "$ref": "#n:4"
          },
          "tableSchema": {
            "$ref": "#t:14"
          },
          "propertyMappings": [
            {
              "fieldName": "ID",
              "property": {
                "$ref": "#p:10"
              }
            },
            {
              "fieldName": "Name",
              "property": {
                "$ref": "#p:11"
              }
            },
            {
              "fieldName": "Dosage",
              "property": {
                "$ref": "#p:12"
              }
            },
            {
              "fieldName": "Frequency",
              "property": {
                "$ref": "#p:13"
              }
            },
            {
              "fieldName": "Notes",
              "property": {
                "$ref": "#p:14"
              }
            }
          ]
        },
        {
          "node": {
            "$ref": "#n:5"
          },
          "tableSchema": {
            "$ref": "#t:15"
          },
          "propertyMappings": [
            {
              "fieldName": "ID",
              "property": {
                "$ref": "#p:15"
              }
            },
            {
              "fieldName": "Name",
              "property": {
                "$ref": "#p:16"
              }
            },
            {
              "fieldName": "Description",
              "property": {
                "$ref": "#p:17"
              }
            }
          ]
        },
        {
          "node": {
            "$ref": "#n:6"
          },
          "tableSchema": {
            "$ref": "#t:8"
          },
          "propertyMappings": [
            {
              "fieldName": "ID",
              "property": {
                "$ref": "#p:18"
              }
            },
            {
              "fieldName": "Name",
              "property": {
                "$ref": "#p:19"
              }
            },
            {
              "fieldName": "Dosage",
              "property": {
                "$ref": "#p:20"
              }
            },
            {
              "fieldName": "Frequency",
              "property": {
                "$ref": "#p:21"
              }
            }
          ]
        },
        {
          "node": {
            "$ref": "#n:7"
          },
          "tableSchema": {
            "$ref": "#t:1"
          },
          "propertyMappings": [
            {
              "fieldName": "ID",
              "property": {
                "$ref": "#p:22"
              }
            },
            {
              "fieldName": "Name",
              "property": {
                "$ref": "#p:23"
              }
            },
            {
              "fieldName": "Description",
              "property": {
                "$ref": "#p:24"
              }
            }
          ]
        },
        {
          "node": {
            "$ref": "#n:8"
          },
          "tableSchema": {
            "$ref": "#t:23"
          },
          "propertyMappings": [
            {
              "fieldName": "ReportID",
              "property": {
                "$ref": "#p:37"
              }
            },
            {
              "fieldName": "ReportName",
              "property": {
                "$ref": "#p:38"
              }
            },
            {
              "fieldName": "Description",
              "property": {
                "$ref": "#p:39"
              }
            }
          ]
        }
      ],
      "relationshipMappings": [
        {
          "relationship": {
            "$ref": "#r:1"
          },
          "tableSchema": {
            "$ref": "#t:5"
          },
          "propertyMappings": [],
          "fromMapping": {
            "fieldName": "PatientID"
          },
          "toMapping": {
            "fieldName": "DiseaseID"
          }
        },
        {
          "relationship": {
            "$ref": "#r:2"
          },
          "tableSchema": {
            "$ref": "#t:6"
          },
          "propertyMappings": [
            {
              "fieldName": "DoctorID",
              "property": {
                "$ref": "#p:31"
              }
            },
            {
              "fieldName": "DiseaseID",
              "property": {
                "$ref": "#p:32"
              }
            }
          ],
          "fromMapping": {
            "fieldName": "DoctorID"
          },
          "toMapping": {
            "fieldName": "DiseaseID"
          }
        },
        {
          "relationship": {
            "$ref": "#r:3"
          },
          "tableSchema": {
            "$ref": "#t:11"
          },
          "propertyMappings": [],
          "fromMapping": {
            "fieldName": "PatientID"
          },
          "toMapping": {
            "fieldName": "RecordID"
          }
        },
        {
          "relationship": {
            "$ref": "#r:4"
          },
          "tableSchema": {
            "$ref": "#t:3"
          },
          "propertyMappings": [],
          "fromMapping": {
            "fieldName": "DiseaseID"
          },
          "toMapping": {
            "fieldName": "SymptomID"
          }
        },
        {
          "relationship": {
            "$ref": "#r:5"
          },
          "tableSchema": {
            "$ref": "#t:13"
          },
          "propertyMappings": [],
          "fromMapping": {
            "fieldName": "RecordID"
          },
          "toMapping": {
            "fieldName": "MedicationID"
          }
        },
        {
          "relationship": {
            "$ref": "#r:6"
          },
          "tableSchema": {
            "$ref": "#t:2"
          },
          "propertyMappings": [],
          "fromMapping": {
            "fieldName": "DiseaseID"
          },
          "toMapping": {
            "fieldName": "DietID"
          }
        },
        {
          "relationship": {
            "$ref": "#r:7"
          },
          "tableSchema": {
            "$ref": "#t:16"
          },
          "propertyMappings": [
            {
              "fieldName": "DoctorID",
              "property": {
                "$ref": "#p:33"
              }
            },
            {
              "fieldName": "DoctorName",
              "property": {
                "$ref": "#p:34"
              }
            },
            {
              "fieldName": "DiseaseID",
              "property": {
                "$ref": "#p:35"
              }
            },
            {
              "fieldName": "DiseaseName",
              "property": {
                "$ref": "#p:36"
              }
            }
          ],
          "fromMapping": {
            "fieldName": "DiseaseID"
          },
          "toMapping": {
            "fieldName": "DoctorID"
          }
        },
        {
          "relationship": {
            "$ref": "#r:8"
          },
          "tableSchema": {
            "$ref": "#t:17"
          },
          "propertyMappings": [],
          "fromMapping": {
            "fieldName": "DoctorID"
          },
          "toMapping": {
            "fieldName": "MedicationID"
          }
        },
        {
          "relationship": {
            "$ref": "#r:9"
          },
          "tableSchema": {
            "$ref": "#t:18"
          },
          "propertyMappings": [],
          "fromMapping": {
            "fieldName": "PatientID"
          },
          "toMapping": {
            "fieldName": "SymptomID"
          }
        },
        {
          "relationship": {
            "$ref": "#r:10"
          },
          "tableSchema": {
            "$ref": "#t:19"
          },
          "propertyMappings": [],
          "fromMapping": {
            "fieldName": "DoctorID"
          },
          "toMapping": {
            "fieldName": "DietID"
          }
        },
        {
          "relationship": {
            "$ref": "#r:11"
          },
          "tableSchema": {
            "$ref": "#t:20"
          },
          "propertyMappings": [],
          "fromMapping": {
            "fieldName": "PatientID"
          },
          "toMapping": {
            "fieldName": "DoctorID"
          }
        },
        {
          "relationship": {
            "$ref": "#r:12"
          },
          "tableSchema": {
            "$ref": "#t:9"
          },
          "propertyMappings": [],
          "fromMapping": {
            "fieldName": "PatientID"
          },
          "toMapping": {
            "fieldName": "DietID"
          }
        },
        {
          "relationship": {
            "$ref": "#r:13"
          },
          "tableSchema": {
            "$ref": "#t:21"
          },
          "propertyMappings": [],
          "fromMapping": {
            "fieldName": "DiseaseID"
          },
          "toMapping": {
            "fieldName": "ReportID"
          }
        },
        {
          "relationship": {
            "$ref": "#r:14"
          },
          "tableSchema": {
            "$ref": "#t:24"
          },
          "propertyMappings": [],
          "fromMapping": {
            "fieldName": "PatientID"
          },
          "toMapping": {
            "fieldName": "ReportID"
          }
        },
        {
          "relationship": {
            "$ref": "#r:15"
          },
          "tableSchema": {
            "$ref": "#t:21"
          },
          "propertyMappings": [],
          "fromMapping": {
            "fieldName": "DiseaseID"
          },
          "toMapping": {
            "fieldName": "ReportID"
          }
        },
        {
          "relationship": {
            "$ref": "#r:16"
          },
          "tableSchema": {
            "$ref": "#t:21"
          },
          "propertyMappings": [],
          "fromMapping": {
            "fieldName": "DiseaseID"
          },
          "toMapping": {
            "fieldName": "ReportID"
          }
        },
        {
          "relationship": {
            "$ref": "#r:17"
          },
          "tableSchema": {
            "$ref": "#t:25"
          },
          "propertyMappings": [],
          "fromMapping": {
            "fieldName": "DiseaseID"
          },
          "toMapping": {
            "fieldName": "MedicationID"
          }
        }
      ]
    },
    "configurations": {
      "idsToIgnore": []
    }
  }
}