"~start_node_id","~start_node_labels","~start_node_property_ContactInfo","~start_node_property_ID","~start_node_property_Gender","~start_node_property_Age","~start_node_property_Name","~start_node_property_Location","~relationship_type","~end_node_id","~end_node_labels","~end_node_property_Description","~end_node_property_ID","~end_node_property_Name","~end_node_property_Frequency","~end_node_property_Dosage","~end_node_property_Notes","~end_node_property_Specialty","~end_node_property_ContactInfo","~end_node_property_Hospital","~end_node_property_Location","~end_node_property_ReportName","~end_node_property_ReportID"
"0","Patients",8001234567,1,"Male",45,"Ravi Kumar","Hyderabad","Has_disease","20","Diseases","A condition characterized by narrowing of the coronary arteries.",1,"Coronary Artery Disease",,,,,,,,,
"0","Patients",8001234567,1,"Male",45,"Ravi Kumar","Hyderabad","Has_disease","21","Diseases","A long-term condition where the kidneys don't work as well as they should.",2,"Chronic Kidney Disease",,,,,,,,,
"0","Patients",8001234567,1,"Male",45,"Ravi Kumar","Hyderabad","Has_disease","22","Diseases","A digestive disorder that affects the lower esophageal sphincter.",3,"Gastroesophageal Reflux Disease (GERD)",,,,,,,,,
"0","Patients",8001234567,1,"Male",45,"Ravi Kumar","Hyderabad","Has_Records","40","Records",,1,"Metformin","Twice a day","500mg","Diagnosed with Coronary Artery Disease",,,,,,
"0","Patients",8001234567,1,"Male",45,"Ravi Kumar","Hyderabad","Has_Records","41","Records",,2,"Lisinopril","Once a day","10mg","Diagnosed with Chronic Kidney Disease",,,,,,
"0","Patients",8001234567,1,"Male",45,"Ravi Kumar","Hyderabad","Has_Records","60","Records",,21,"Rosuvastatin","Once a day","20mg","Diagnosed with Hypertension",,,,,,
"0","Patients",8001234567,1,"Male",45,"Ravi Kumar","Hyderabad","Has_Records","61","Records",,22,"Simvastatin","Once a day","20mg","Diagnosed with IBS",,,,,,
"0","Patients",8001234567,1,"Male",45,"Ravi Kumar","Hyderabad","Has_Symptoms","70","Symptoms","Discomfort or pain that you feel anywhere along the front of your body between your neck and upper abdomen.",1,"Chest Pain",,,,,,,,,
"0","Patients",8001234567,1,"Male",45,"Ravi Kumar","Hyderabad","Visits","38","Doctors",,9,"Dr. Sneha Reddy",,,,"Psychiatrist",9009012345,"Medicover Hospitals","Rangareddy",,
"0","Patients",8001234567,1,"Male",45,"Ravi Kumar","Hyderabad","Follows","110","Diet","Reduced carbohydrate intake.",1,"Low-Carb Diet",,,,,,,,,
"0","Patients",8001234567,1,"Male",45,"Ravi Kumar","Hyderabad","Needs","120","Reports","Complete blood count (CBC)",,,,,,,,,,"Blood Test",1
"0","Patients",8001234567,1,"Male",45,"Ravi Kumar","Hyderabad","Needs","121","Reports","Chest X-Ray",,,,,,,,,,"X-Ray",2
"0","Patients",8001234567,1,"Male",45,"Ravi Kumar","Hyderabad","Needs","122","Reports","MRI of the brain",,,,,,,,,,"MRI Scan",3
"0","Patients",8001234567,1,"Male",45,"Ravi Kumar","Hyderabad","Needs","123","Reports","Electrocardiogram",,,,,,,,,,"ECG",4
"1","Patients",8002345678,2,"Female",37,"Sunita Reddy","Secunderabad","Has_disease","21","Diseases","A long-term condition where the kidneys don't work as well as they should.",2,"Chronic Kidney Disease",,,,,,,,,
"1","Patients",8002345678,2,"Female",37,"Sunita Reddy","Secunderabad","Has_disease","23","Diseases","A neurodegenerative disorder that affects movement.",4,"Parkinson's Disease",,,,,,,,,
"1","Patients",8002345678,2,"Female",37,"Sunita Reddy","Secunderabad","Has_disease","24","Diseases","A condition in which the force of the blood against the artery walls is too high.",5,"Hypertension",,,,,,,,,
"1","Patients",8002345678,2,"Female",37,"Sunita Reddy","Secunderabad","Has_Records","42","Records",,3,"Albuterol","As needed","2.5mg","Diagnosed with GERD",,,,,,
"1","Patients",8002345678,2,"Female",37,"Sunita Reddy","Secunderabad","Has_Records","43","Records",,4,"Paracetamol","Every 6 hours","500mg","Diagnosed with Parkinson's Disease",,,,,,
"1","Patients",8002345678,2,"Female",37,"Sunita Reddy","Secunderabad","Has_Records","62","Records",,23,"Tramadol","Every 4-6 hours","50mg","Diagnosed with Diabetes",,,,,,
"1","Patients",8002345678,2,"Female",37,"Sunita Reddy","Secunderabad","Has_Records","63","Records",,24,"Warfarin","Once a day","5mg","Diagnosed with Alzheimer's Disease",,,,,,
"1","Patients",8002345678,2,"Female",37,"Sunita Reddy","Secunderabad","Has_Symptoms","71","Symptoms","A feeling of not being able to breathe well enough.",2,"Shortness of Breath",,,,,,,,,
"1","Patients",8002345678,2,"Female",37,"Sunita Reddy","Secunderabad","Follows","111","Diet","Reduced sodium intake.",2,"Low-Sodium Diet",,,,,,,,,
"1","Patients",8002345678,2,"Female",37,"Sunita Reddy","Secunderabad","Needs","124","Reports","CT Scan of the abdomen",,,,,,,,,,"CT Scan",5
"1","Patients",8002345678,2,"Female",37,"Sunita Reddy","Secunderabad","Needs","125","Reports","Ultrasound of the abdomen",,,,,,,,,,"Ultrasound",6
"1","Patients",8002345678,2,"Female",37,"Sunita Reddy","Secunderabad","Needs","126","Reports","Test for liver function",,,,,,,,,,"Liver Function Test",7
"1","Patients",8002345678,2,"Female",37,"Sunita Reddy","Secunderabad","Needs","127","Reports","Test for kidney function",,,,,,,,,,"Kidney Function Test",8
"2","Patients",8003456789,3,"Male",50,"Rajesh Sharma","Nizamabad","Has_disease","20","Diseases","A condition characterized by narrowing of the coronary arteries.",1,"Coronary Artery Disease",,,,,,,,,
"2","Patients",8003456789,3,"Male",50,"Rajesh Sharma","Nizamabad","Has_disease","22","Diseases","A digestive disorder that affects the lower esophageal sphincter.",3,"Gastroesophageal Reflux Disease (GERD)",,,,,,,,,
"2","Patients",8003456789,3,"Male",50,"Rajesh Sharma","Nizamabad","Has_disease","25","Diseases","A metabolic disorder characterized by high blood sugar levels.",6,"Diabetes",,,,,,,,,
"2","Patients",8003456789,3,"Male",50,"Rajesh Sharma","Nizamabad","Has_Records","44","Records",,5,"Aspirin","Once a day","81mg","Diagnosed with Hypertension",,,,,,
"2","Patients",8003456789,3,"Male",50,"Rajesh Sharma","Nizamabad","Has_Records","45","Records",,6,"Omeprazole","Once a day","20mg","Diagnosed with Diabetes",,,,,,
"2","Patients",8003456789,3,"Male",50,"Rajesh Sharma","Nizamabad","Has_Records","64","Records",,25,"Zolpidem","Once a day","10mg","Diagnosed with Heart Failure",,,,,,
"2","Patients",8003456789,3,"Male",50,"Rajesh Sharma","Nizamabad","Has_Records","65","Records",,26,"Cetirizine","Once a day","10mg","Diagnosed with Stroke",,,,,,
"2","Patients",8003456789,3,"Male",50,"Rajesh Sharma","Nizamabad","Has_Symptoms","72","Symptoms","Feeling overtired, with low energy and a strong desire to sleep that interferes with normal daily activities.",3,"Fatigue",,,,,,,,,
"2","Patients",8003456789,3,"Male",50,"Rajesh Sharma","Nizamabad","Follows","112","Diet","Increased protein intake.",3,"High-Protein Diet",,,,,,,,,
"2","Patients",8003456789,3,"Male",50,"Rajesh Sharma","Nizamabad","Needs","120","Reports","Complete blood count (CBC)",,,,,,,,,,"Blood Test",1
"2","Patients",8003456789,3,"Male",50,"Rajesh Sharma","Nizamabad","Needs","121","Reports","Chest X-Ray",,,,,,,,,,"X-Ray",2
"2","Patients",8003456789,3,"Male",50,"Rajesh Sharma","Nizamabad","Needs","128","Reports","Test for thyroid function",,,,,,,,,,"Thyroid Test",9
"2","Patients",8003456789,3,"Male",50,"Rajesh Sharma","Nizamabad","Needs","129","Reports","Test for cholesterol levels",,,,,,,,,,"Lipid Profile",10
"3","Patients",8004567890,4,"Female",29,"Meena Gupta","Karimnagar","Has_disease","23","Diseases","A neurodegenerative disorder that affects movement.",4,"Parkinson's Disease",,,,,,,,,
"3","Patients",8004567890,4,"Female",29,"Meena Gupta","Karimnagar","Has_disease","24","Diseases","A condition in which the force of the blood against the artery walls is too high.",5,"Hypertension",,,,,,,,,
"3","Patients",8004567890,4,"Female",29,"Meena Gupta","Karimnagar","Has_disease","26","Diseases","A gastrointestinal disorder causing pain, bloating, and altered bowel habits.",7,"Irritable Bowel Syndrome (IBS)",,,,,,,,,
"3","Patients",8004567890,4,"Female",29,"Meena Gupta","Karimnagar","Has_Records","46","Records",,7,"Levothyroxine","Once a day","50mcg","Diagnosed with IBS",,,,,,
"3","Patients",8004567890,4,"Female",29,"Meena Gupta","Karimnagar","Has_Records","47","Records",,8,"Atorvastatin","Once a day","40mg","Diagnosed with Alzheimer's Disease",,,,,,
"3","Patients",8004567890,4,"Female",29,"Meena Gupta","Karimnagar","Has_Records","66","Records",,27,"Doxycycline","Twice a day","100mg","Diagnosed with Coronary Artery Disease",,,,,,
"3","Patients",8004567890,4,"Female",29,"Meena Gupta","Karimnagar","Has_Records","67","Records",,28,"Famotidine","Twice a day","20mg","Diagnosed with GERD",,,,,,
"3","Patients",8004567890,4,"Female",29,"Meena Gupta","Karimnagar","Has_Symptoms","73","Symptoms","A feeling of sickness with an inclination to vomit.",4,"Nausea",,,,,,,,,
"3","Patients",8004567890,4,"Female",29,"Meena Gupta","Karimnagar","Visits","35","Doctors",,6,"Dr. Rajesh Kumar",,,,"Nephrologist",9006789012,"CARE Hospitals","Khammam",,
"3","Patients",8004567890,4,"Female",29,"Meena Gupta","Karimnagar","Follows","113","Diet","Excludes meat and fish.",4,"Vegetarian Diet",,,,,,,,,
"3","Patients",8004567890,4,"Female",29,"Meena Gupta","Karimnagar","Needs","122","Reports","MRI of the brain",,,,,,,,,,"MRI Scan",3
"3","Patients",8004567890,4,"Female",29,"Meena Gupta","Karimnagar","Needs","123","Reports","Electrocardiogram",,,,,,,,,,"ECG",4
"3","Patients",8004567890,4,"Female",29,"Meena Gupta","Karimnagar","Needs","124","Reports","CT Scan of the abdomen",,,,,,,,,,"CT Scan",5
"3","Patients",8004567890,4,"Female",29,"Meena Gupta","Karimnagar","Needs","125","Reports","Ultrasound of the abdomen",,,,,,,,,,"Ultrasound",6
"4","Patients",8005678901,5,"Male",65,"Suresh Babu","Warangal","Has_disease","20","Diseases","A condition characterized by narrowing of the coronary arteries.",1,"Coronary Artery Disease",,,,,,,,,
"4","Patients",8005678901,5,"Male",65,"Suresh Babu","Warangal","Has_disease","27","Diseases","A progressive neurologic disorder that causes the brain to shrink (atrophy).",8,"Alzheimer's Disease",,,,,,,,,
"4","Patients",8005678901,5,"Male",65,"Suresh Babu","Warangal","Has_disease","28","Diseases","A condition in which the heart is unable to pump sufficiently to maintain blood flow.",9,"Heart Failure",,,,,,,,,
"4","Patients",8005678901,5,"Male",65,"Suresh Babu","Warangal","Has_Records","48","Records",,9,"Losartan","Once a day","50mg","Diagnosed with Heart Failure",,,,,,
"4","Patients",8005678901,5,"Male",65,"Suresh Babu","Warangal","Has_Records","49","Records",,10,"Hydrochlorothiazide","Once a day","25mg","Diagnosed with Stroke",,,,,,
"4","Patients",8005678901,5,"Male",65,"Suresh Babu","Warangal","Has_Records","68","Records",,29,"Fluoxetine","Once a day","20mg","Diagnosed with Parkinson's Disease",,,,,,
"4","Patients",8005678901,5,"Male",65,"Suresh Babu","Warangal","Has_Records","69","Records",,30,"Loratadine","Once a day","10mg","Diagnosed with Chronic Kidney Disease",,,,,,
"4","Patients",8005678901,5,"Male",65,"Suresh Babu","Warangal","Has_Symptoms","74","Symptoms","A sensation of spinning and losing one's balance.",5,"Dizziness",,,,,,,,,
"4","Patients",8005678901,5,"Male",65,"Suresh Babu","Warangal","Follows","114","Diet","Low-carb, high-fat diet.",5,"Keto Diet",,,,,,,,,
"4","Patients",8005678901,5,"Male",65,"Suresh Babu","Warangal","Needs","126","Reports","Test for liver function",,,,,,,,,,"Liver Function Test",7
"4","Patients",8005678901,5,"Male",65,"Suresh Babu","Warangal","Needs","127","Reports","Test for kidney function",,,,,,,,,,"Kidney Function Test",8
"4","Patients",8005678901,5,"Male",65,"Suresh Babu","Warangal","Needs","128","Reports","Test for thyroid function",,,,,,,,,,"Thyroid Test",9
"4","Patients",8005678901,5,"Male",65,"Suresh Babu","Warangal","Needs","129","Reports","Test for cholesterol levels",,,,,,,,,,"Lipid Profile",10
"5","Patients",8006789012,6,"Female",52,"Lakshmi Devi","Khammam","Has_disease","21","Diseases","A long-term condition where the kidneys don't work as well as they should.",2,"Chronic Kidney Disease",,,,,,,,,
"5","Patients",8006789012,6,"Female",52,"Lakshmi Devi","Khammam","Has_disease","25","Diseases","A metabolic disorder characterized by high blood sugar levels.",6,"Diabetes",,,,,,,,,
"5","Patients",8006789012,6,"Female",52,"Lakshmi Devi","Khammam","Has_disease","29","Diseases","A condition where the blood supply to part of your brain is interrupted or reduced.",10,"Stroke",,,,,,,,,
"5","Patients",8006789012,6,"Female",52,"Lakshmi Devi","Khammam","Has_Records","50","Records",,11,"Ibuprofen","Every 4-6 hours","200mg","Diagnosed with Coronary Artery Disease",,,,,,
"5","Patients",8006789012,6,"Female",52,"Lakshmi Devi","Khammam","Has_Records","51","Records",,12,"Amoxicillin","Every 8 hours","500mg","Diagnosed with GERD",,,,,,
"5","Patients",8006789012,6,"Female",52,"Lakshmi Devi","Khammam","Has_Symptoms","70","Symptoms","Discomfort or pain that you feel anywhere along the front of your body between your neck and upper abdomen.",1,"Chest Pain",,,,,,,,,
"5","Patients",8006789012,6,"Female",52,"Lakshmi Devi","Khammam","Follows","115","Diet","High in vegetables, fruits, nuts, and whole grains.",6,"Mediterranean Diet",,,,,,,,,
"5","Patients",8006789012,6,"Female",52,"Lakshmi Devi","Khammam","Needs","120","Reports","Complete blood count (CBC)",,,,,,,,,,"Blood Test",1
"5","Patients",8006789012,6,"Female",52,"Lakshmi Devi","Khammam","Needs","121","Reports","Chest X-Ray",,,,,,,,,,"X-Ray",2
"5","Patients",8006789012,6,"Female",52,"Lakshmi Devi","Khammam","Needs","130","Reports","Test for blood glucose levels",,,,,,,,,,"Blood Sugar Test",11
"6","Patients",8007890123,7,"Male",38,"Anil Verma","Nalgonda","Has_disease","20","Diseases","A condition characterized by narrowing of the coronary arteries.",1,"Coronary Artery Disease",,,,,,,,,
"6","Patients",8007890123,7,"Male",38,"Anil Verma","Nalgonda","Has_disease","23","Diseases","A neurodegenerative disorder that affects movement.",4,"Parkinson's Disease",,,,,,,,,
"6","Patients",8007890123,7,"Male",38,"Anil Verma","Nalgonda","Has_disease","27","Diseases","A progressive neurologic disorder that causes the brain to shrink (atrophy).",8,"Alzheimer's Disease",,,,,,,,,
"6","Patients",8007890123,7,"Male",38,"Anil Verma","Nalgonda","Has_Records","52","Records",,13,"Azithromycin","Once a day","250mg","Diagnosed with Chronic Kidney Disease",,,,,,
"6","Patients",8007890123,7,"Male",38,"Anil Verma","Nalgonda","Has_Records","53","Records",,14,"Clopidogrel","Once a day","75mg","Diagnosed with Hypertension",,,,,,
"6","Patients",8007890123,7,"Male",38,"Anil Verma","Nalgonda","Has_Symptoms","71","Symptoms","A feeling of not being able to breathe well enough.",2,"Shortness of Breath",,,,,,,,,
"6","Patients",8007890123,7,"Male",38,"Anil Verma","Nalgonda","Visits","33","Doctors",,4,"Dr. Priya Kapoor",,,,"General Practitioner",9004567890,"Sunshine Hospitals","Nizamabad",,
"6","Patients",8007890123,7,"Male",38,"Anil Verma","Nalgonda","Follows","116","Diet","Eating patterns that cycle between periods of fasting and eating.",7,"Intermittent Fasting",,,,,,,,,
"6","Patients",8007890123,7,"Male",38,"Anil Verma","Nalgonda","Needs","122","Reports","MRI of the brain",,,,,,,,,,"MRI Scan",3
"6","Patients",8007890123,7,"Male",38,"Anil Verma","Nalgonda","Needs","123","Reports","Electrocardiogram",,,,,,,,,,"ECG",4
"6","Patients",8007890123,7,"Male",38,"Anil Verma","Nalgonda","Needs","131","Reports","Test for bone density",,,,,,,,,,"Bone Density Test",12
"7","Patients",8008901234,8,"Female",33,"Pooja Rao","Mahbubnagar","Has_disease","22","Diseases","A digestive disorder that affects the lower esophageal sphincter.",3,"Gastroesophageal Reflux Disease (GERD)",,,,,,,,,
"7","Patients",8008901234,8,"Female",33,"Pooja Rao","Mahbubnagar","Has_disease","24","Diseases","A condition in which the force of the blood against the artery walls is too high.",5,"Hypertension",,,,,,,,,
"7","Patients",8008901234,8,"Female",33,"Pooja Rao","Mahbubnagar","Has_disease","28","Diseases","A condition in which the heart is unable to pump sufficiently to maintain blood flow.",9,"Heart Failure",,,,,,,,,
"7","Patients",8008901234,8,"Female",33,"Pooja Rao","Mahbubnagar","Has_Records","54","Records",,15,"Furosemide","Once a day","40mg","Diagnosed with Parkinson's Disease",,,,,,
"7","Patients",8008901234,8,"Female",33,"Pooja Rao","Mahbubnagar","Has_Records","55","Records",,16,"Gabapentin","Three times a day","300mg","Diagnosed with IBS",,,,,,
"7","Patients",8008901234,8,"Female",33,"Pooja Rao","Mahbubnagar","Has_Symptoms","72","Symptoms","Feeling overtired, with low energy and a strong desire to sleep that interferes with normal daily activities.",3,"Fatigue",,,,,,,,,
"7","Patients",8008901234,8,"Female",33,"Pooja Rao","Mahbubnagar","Visits","36","Doctors",,7,"Dr. Kavita Sharma",,,,"Orthopedist",9007890123,"Global Hospitals","Nalgonda",,
"7","Patients",8008901234,8,"Female",33,"Pooja Rao","Mahbubnagar","Follows","117","Diet","Emphasizes vegetables, fruits, and low-fat dairy.",8,"DASH Diet",,,,,,,,,
"7","Patients",8008901234,8,"Female",33,"Pooja Rao","Mahbubnagar","Needs","124","Reports","CT Scan of the abdomen",,,,,,,,,,"CT Scan",5
"7","Patients",8008901234,8,"Female",33,"Pooja Rao","Mahbubnagar","Needs","125","Reports","Ultrasound of the abdomen",,,,,,,,,,"Ultrasound",6
"7","Patients",8008901234,8,"Female",33,"Pooja Rao","Mahbubnagar","Needs","132","Reports","Test for allergies",,,,,,,,,,"Allergy Test",13
"8","Patients",8009012345,9,"Male",28,"Harish Reddy","Rangareddy","Has_disease","21","Diseases","A long-term condition where the kidneys don't work as well as they should.",2,"Chronic Kidney Disease",,,,,,,,,