"~id","~labels","ContactInfo","ID","Gender","Age","Name","Location","Description","Specialty","Hospital","Frequency","Dosage","Notes","ReportName","ReportID"
"0","Patients",8001234567,1,"Male",45,"Ravi Kumar","Hyderabad",,,,,,,,
"1","Patients",8002345678,2,"Female",37,"Sunita Reddy","Secunderabad",,,,,,,,
"2","Patients",8003456789,3,"Male",50,"Rajesh Sharma","Nizamabad",,,,,,,,
"3","Patients",8004567890,4,"Female",29,"Meena Gupta","Karimnagar",,,,,,,,
"4","Patients",8005678901,5,"Male",65,"Suresh Babu","Warangal",,,,,,,,
"5","Patients",8006789012,6,"Female",52,"Lakshmi Devi","Khammam",,,,,,,,
"6","Patients",8007890123,7,"Male",38,"Anil Verma","Nalgonda",,,,,,,,
"7","Patients",8008901234,8,"Female",33,"Pooja Rao","Mahbubnagar",,,,,,,,
"8","Patients",8009012345,9,"Male",28,"Harish Reddy","Rangareddy",,,,,,,,
"20","Diseases",,1,,,"Coronary Artery Disease",,"A condition characterized by narrowing of the coronary arteries.",,,,,,,
"21","Diseases",,2,,,"Chronic Kidney Disease",,"A long-term condition where the kidneys don't work as well as they should.",,,,,,,
"22","Diseases",,3,,,"Gastroesophageal Reflux Disease (GERD)",,"A digestive disorder that affects the lower esophageal sphincter.",,,,,,,
"23","Diseases",,4,,,"Parkinson's Disease",,"A neurodegenerative disorder that affects movement.",,,,,,,
"24","Diseases",,5,,,"Hypertension",,"A condition in which the force of the blood against the artery walls is too high.",,,,,,,
"25","Diseases",,6,,,"Diabetes",,"A metabolic disorder characterized by high blood sugar levels.",,,,,,,
"26","Diseases",,7,,,"Irritable Bowel Syndrome (IBS)",,"A gastrointestinal disorder causing pain, bloating, and altered bowel habits.",,,,,,,
"27","Diseases",,8,,,"Alzheimer's Disease",,"A progressive neurologic disorder that causes the brain to shrink (atrophy).",,,,,,,
"28","Diseases",,9,,,"Heart Failure",,"A condition in which the heart is unable to pump sufficiently to maintain blood flow.",,,,,,,
"29","Diseases",,10,,,"Stroke",,"A condition where the blood supply to part of your brain is interrupted or reduced.",,,,,,,
"33","Doctors",9004567890,4,,,"Dr. Priya Kapoor","Nizamabad",,"General Practitioner","Sunshine Hospitals",,,,,
"35","Doctors",9006789012,6,,,"Dr. Rajesh Kumar","Khammam",,"Nephrologist","CARE Hospitals",,,,,
"36","Doctors",9007890123,7,,,"Dr. Kavita Sharma","Nalgonda",,"Orthopedist","Global Hospitals",,,,,
"38","Doctors",9009012345,9,,,"Dr. Sneha Reddy","Rangareddy",,"Psychiatrist","Medicover Hospitals",,,,,
"40","Records",,1,,,"Metformin",,,,,"Twice a day","500mg","Diagnosed with Coronary Artery Disease",,
"41","Records",,2,,,"Lisinopril",,,,,"Once a day","10mg","Diagnosed with Chronic Kidney Disease",,
"42","Records",,3,,,"Albuterol",,,,,"As needed","2.5mg","Diagnosed with GERD",,
"43","Records",,4,,,"Paracetamol",,,,,"Every 6 hours","500mg","Diagnosed with Parkinson's Disease",,
"44","Records",,5,,,"Aspirin",,,,,"Once a day","81mg","Diagnosed with Hypertension",,
"45","Records",,6,,,"Omeprazole",,,,,"Once a day","20mg","Diagnosed with Diabetes",,
"46","Records",,7,,,"Levothyroxine",,,,,"Once a day","50mcg","Diagnosed with IBS",,
"47","Records",,8,,,"Atorvastatin",,,,,"Once a day","40mg","Diagnosed with Alzheimer's Disease",,
"48","Records",,9,,,"Losartan",,,,,"Once a day","50mg","Diagnosed with Heart Failure",,
"49","Records",,10,,,"Hydrochlorothiazide",,,,,"Once a day","25mg","Diagnosed with Stroke",,
"50","Records",,11,,,"Ibuprofen",,,,,"Every 4-6 hours","200mg","Diagnosed with Coronary Artery Disease",,
"51","Records",,12,,,"Amoxicillin",,,,,"Every 8 hours","500mg","Diagnosed with GERD",,
"52","Records",,13,,,"Azithromycin",,,,,"Once a day","250mg","Diagnosed with Chronic Kidney Disease",,
"53","Records",,14,,,"Clopidogrel",,,,,"Once a day","75mg","Diagnosed with Hypertension",,
"54","Records",,15,,,"Furosemide",,,,,"Once a day","40mg","Diagnosed with Parkinson's Disease",,
"55","Records",,16,,,"Gabapentin",,,,,"Three times a day","300mg","Diagnosed with IBS",,
"60","Records",,21,,,"Rosuvastatin",,,,,"Once a day","20mg","Diagnosed with Hypertension",,
"61","Records",,22,,,"Simvastatin",,,,,"Once a day","20mg","Diagnosed with IBS",,
"62","Records",,23,,,"Tramadol",,,,,"Every 4-6 hours","50mg","Diagnosed with Diabetes",,
"63","Records",,24,,,"Warfarin",,,,,"Once a day","5mg","Diagnosed with Alzheimer's Disease",,
"64","Records",,25,,,"Zolpidem",,,,,"Once a day","10mg","Diagnosed with Heart Failure",,
"65","Records",,26,,,"Cetirizine",,,,,"Once a day","10mg","Diagnosed with Stroke",,
"66","Records",,27,,,"Doxycycline",,,,,"Twice a day","100mg","Diagnosed with Coronary Artery Disease",,
"67","Records",,28,,,"Famotidine",,,,,"Twice a day","20mg","Diagnosed with GERD",,
"68","Records",,29,,,"Fluoxetine",,,,,"Once a day","20mg","Diagnosed with Parkinson's Disease",,
"69","Records",,30,,,"Loratadine",,,,,"Once a day","10mg","Diagnosed with Chronic Kidney Disease",,
"70","Symptoms",,1,,,"Chest Pain",,"Discomfort or pain that you feel anywhere along the front of your body between your neck and upper abdomen.",,,,,,,
"71","Symptoms",,2,,,"Shortness of Breath",,"A feeling of not being able to breathe well enough.",,,,,,,
"72","Symptoms",,3,,,"Fatigue",,"Feeling overtired, with low energy and a strong desire to sleep that interferes with normal daily activities.",,,,,,,
"73","Symptoms",,4,,,"Nausea",,"A feeling of sickness with an inclination to vomit.",,,,,,,
"74","Symptoms",,5,,,"Dizziness",,"A sensation of spinning and losing one's balance.",,,,,,,
"110","Diet",,1,,,"Low-Carb Diet",,"Reduced carbohydrate intake.",,,,,,,
"111","Diet",,2,,,"Low-Sodium Diet",,"Reduced sodium intake.",,,,,,,
"112","Diet",,3,,,"High-Protein Diet",,"Increased protein intake.",,,,,,,
"113","Diet",,4,,,"Vegetarian Diet",,"Excludes meat and fish.",,,,,,,
"114","Diet",,5,,,"Keto Diet",,"Low-carb, high-fat diet.",,,,,,,
"115","Diet",,6,,,"Mediterranean Diet",,"High in vegetables, fruits, nuts, and whole grains.",,,,,,,
"116","Diet",,7,,,"Intermittent Fasting",,"Eating patterns that cycle between periods of fasting and eating.",,,,,,,
"117","Diet",,8,,,"DASH Diet",,"Emphasizes vegetables, fruits, and low-fat dairy.",,,,,,,
"120","Reports",,,,,,,"Complete blood count (CBC)",,,,,,"Blood Test",1
"121","Reports",,,,,,,"Chest X-Ray",,,,,,"X-Ray",2
"122","Reports",,,,,,,"MRI of the brain",,,,,,"MRI Scan",3
"123","Reports",,,,,,,"Electrocardiogram",,,,,,"ECG",4
"124","Reports",,,,,,,"CT Scan of the abdomen",,,,,,"CT Scan",5
"125","Reports",,,,,,,"Ultrasound of the abdomen",,,,,,"Ultrasound",6
"126","Reports",,,,,,,"Test for liver function",,,,,,"Liver Function Test",7
"127","Reports",,,,,,,"Test for kidney function",,,,,,"Kidney Function Test",8
"128","Reports",,,,,,,"Test for thyroid function",,,,,,"Thyroid Test",9
"129","Reports",,,,,,,"Test for cholesterol levels",,,,,,"Lipid Profile",10
"130","Reports",,,,,,,"Test for blood glucose levels",,,,,,"Blood Sugar Test",11
"131","Reports",,,,,,,"Test for bone density",,,,,,"Bone Density Test",12
"132","Reports",,,,,,,"Test for allergies",,,,,,"Allergy Test",13